"Source:","C:\Repos\QCM_temp_comp\QCM_driver\QCM_driver.kicad_sch"
"Date:","5/8/2025 1:50:53 PM"
"Tool:","Eeschema 7.0.10"
"Generator:","C:\Program Files\KiCad\7.0\bin\scripting\plugins/bom_csv_grouped_by_value.py"
"Component Count:","244"

"Collated Components:"

"Item","Qty","Reference(s)","Value","LibPart","Footprint","Datasheet","DNP","Availability","Check_prices","Description","MANUFACTURER","MF","MP","PACKAGE","PARTREV","Package","Price","STANDARD","Sim.Device","Sim.Pins","Sim.Type","SnapEDA_Link"
"1","2","C1, C2","47p","Device:C","Capacitor_SMD:C_1206_3216Metric","~","","","","","","","","","","","","","","","",""
"2","3","C3, C21, C46","100p","Device:C","Capacitor_SMD:C_1206_3216Metric","~","","","","","","","","","","","","","","","",""
"3","5","C4, C25, C26, C50, C51","39p","Device:C","Capacitor_SMD:C_1206_3216Metric","~","","","","","","","","","","","","","","","",""
"4","3","C5, C22, C47","12p","Device:C_Variable","lib:Trimmer Cap 6mm","~","","","","","","","","","","","","","","","",""
"5","2","C6, C7","10n","Device:C","Capacitor_SMD:C_1206_3216Metric","~","","","","","","","","","","","","","","","",""
"6","2","C8, C9","10u","Device:C_Polarized","Capacitor_SMD:CP_Elec_8x11.9","~","","","","","","","","","","","","","","","",""
"7","4","C10, C11, C23, C48","DNP","Device:C","Capacitor_SMD:C_1206_3216Metric","~","","","","","","","","","","","","","","","",""
"8","28","C12, C13, C16, C17, C18, C19, C27, C34, C40, C52, C58, C59, C61, C62, C64, C65, C67, C68, C70, C71, C72, C73, C74, C75, C76, C77, C78, C79","100n","Device:C","Capacitor_SMD:C_1206_3216Metric","~","","","","","","","","","","","","","","","",""
"9","2","C14, C15","1u","Device:C","Capacitor_SMD:C_1210_3225Metric","~","","","","","","","","","","","","","","","",""
"10","2","C20, C45","20p","Device:C_Variable","lib:Trimmer Cap 6mm","~","","","","","","","","","","","","","","","",""
"11","8","C24, C28, C32, C38, C44, C49, C53, C57","68n","Device:C","Capacitor_SMD:C_1206_3216Metric","~","","","","","","","","","","","","","","","",""
"12","12","C29, C30, C31, C35, C36, C37, C41, C42, C43, C54, C55, C56","10p","Device:C","Capacitor_SMD:C_1206_3216Metric","~","","","","","","","","","","","","","","","",""
"13","2","C33, C39","1n","Device:C","Capacitor_SMD:C_1206_3216Metric","~","","","","","","","","","","","","","","","",""
"14","2","C60, C66","56p","Device:C","Capacitor_SMD:C_1206_3216Metric","~","","","","","","","","","","","","","","","",""
"15","2","C63, C69","10u","Device:C","Capacitor_SMD:C_1210_3225Metric","~","","","","","","","","","","","","","","","",""
"16","2","D1, D2","SM6T6V8A","Diode:SM6T6V8A","Diode_SMD:D_2114_3652Metric_Pad1.85x3.75mm_HandSolder","https://www.st.com/resource/en/datasheet/sm6t.pdf","","","","","","","","","","","","","","","",""
"17","4","D3, D4, D5, D6","LED","Device:LED","LED_THT:LED_D5.0mm_Clear","~","","","","","","","","","","","","","","","",""
"18","2","D7, D8","BB813","_My_lib:BB814","Package_TO_SOT_SMD:SOT-23","","","","","","","","","","","","","","","","",""
"19","2","F1, F2","1A","Device:Polyfuse","Fuse:Fuse_2920_7451Metric_Pad2.10x5.45mm_HandSolder","~","","","","","","","","","","","","","","","",""
"20","2","FB1, FB2","FerriteBead","Device:FerriteBead","Capacitor_SMD:C_2220_5750Metric_Pad1.97x5.40mm_HandSolder","~","","","","","","","","","","","","","","","",""
"21","4","H1, H2, H3, H4","MountingHole_Pad","Mechanical:MountingHole_Pad","MountingHole:MountingHole_3.2mm_M3_DIN965_Pad_TopBottom","~","","","","","","","","","","","","","","","",""
"22","2","IC1, IC2","74HC7046","_My_lib:74HC7064","Package_SO:SOIC-16_3.9x9.9mm_P1.27mm","","","","","","","","","","","","","","","","",""
"23","3","J1, J5, J6","Conn_Coaxial","Connector:Conn_Coaxial","lib:SAMTEC_BNC5-J-P-GN-RA-BH2D"," ~","","","","","","","","","","","","","","","",""
"24","3","J2, J3, J4","Conn_Coaxial","Connector:Conn_Coaxial","lib:S16N-PC"," ~","","","","","","","","","","","","","","","",""
"25","4","L1, L2, L4, L5","1m","Device:L","Inductor_SMD:L_12x12mm_H8mm","~","","","","","","","","","","","","","","","",""
"26","2","L3, L6","480u","Device:L","Inductor_SMD:L_12x12mm_H8mm","~","","","","","","","","","","","","","","","",""
"27","2","Q1, Q2","BC817-25","Simulation_SPICE:NPN","Package_TO_SOT_SMD:SOT-23","~","","","","","","","","","","","","","NPN","1=C 2=B 3=E","GUMMELPOON",""
"28","10","R1, R2, R18, R19, R84, R85, R86, R92, R93, R94","1k","Device:R","Resistor_SMD:R_1206_3216Metric_Pad1.30x1.75mm_HandSolder","~","","","","","","","","","","","","","","","",""
"29","5","R3, R6, R7, R10, R11","33","Device:R","Resistor_SMD:R_1206_3216Metric_Pad1.30x1.75mm_HandSolder","~","","","","","","","","","","","","","","","",""
"30","2","R4, R5","390k","Device:R","Resistor_SMD:R_1206_3216Metric_Pad1.30x1.75mm_HandSolder","~","","","","","","","","","","","","","","","",""
"31","12","R8, R9, R25, R27, R28, R29, R33, R35, R53, R54, R61, R62","0","Device:R","Resistor_SMD:R_1206_3216Metric_Pad1.30x1.75mm_HandSolder","~","","","","","","","","","","","","","","","",""
"32","8","R12, R13, R14, R15, R55, R56, R63, R64","220","Device:R","Resistor_SMD:R_1206_3216Metric_Pad1.30x1.75mm_HandSolder","~","","","","","","","","","","","","","","","",""
"33","4","R16, R17, R22, R23","100","Device:R","Resistor_SMD:R_1206_3216Metric_Pad1.30x1.75mm_HandSolder","~","","","","","","","","","","","","","","","",""
"34","2","R20, R21","1M","Device:R","Resistor_SMD:R_1206_3216Metric_Pad1.30x1.75mm_HandSolder","~","","","","","","","","","","","","","","","",""
"35","10","R24, R26, R30, R31, R32, R34, R41, R46, R70, R75","DNP","Device:R","Resistor_SMD:R_1206_3216Metric_Pad1.30x1.75mm_HandSolder","~","","","","","","","","","","","","","","","",""
"36","22","R36, R37, R38, R39, R82, R83, R88, R89, R90, R91, R96, R97, R98, R99, R100, R101, R102, R103, R104, R105, R106, R107","10","Device:R","Resistor_SMD:R_1206_3216Metric_Pad1.30x1.75mm_HandSolder","~","","","","","","","","","","","","","","","",""
"37","4","R40, R43, R69, R72","10k","Device:R","Resistor_SMD:R_1206_3216Metric_Pad1.30x1.75mm_HandSolder","~","","","","","","","","","","","","","","","",""
"38","12","R42, R44, R45, R52, R60, R68, R71, R73, R74, R81, R87, R95","100k","Device:R","Resistor_SMD:R_1206_3216Metric_Pad1.30x1.75mm_HandSolder","~","","","","","","","","","","","","","","","",""
"39","2","R47, R76","470","Device:R","Resistor_SMD:R_1206_3216Metric_Pad1.30x1.75mm_HandSolder","~","","","","","","","","","","","","","","","",""
"40","2","R48, R77","4.7k","Device:R","Resistor_SMD:R_1206_3216Metric_Pad1.30x1.75mm_HandSolder","~","","","","","","","","","","","","","","","",""
"41","12","R49, R50, R51, R57, R58, R59, R65, R66, R67, R78, R79, R80","1.2k","Device:R","Resistor_SMD:R_1206_3216Metric_Pad1.30x1.75mm_HandSolder","~","","","","","","","","","","","","","","","",""
"42","9","RV1, RV2, RV3, RV4, RV5, RV8, RV10, RV12, RV13","10k","Device:R_Potentiometer","Potentiometer_THT:Potentiometer_Bourns_3296Y_Vertical","~","","","","","","","","","","","","","","","",""
"43","2","RV6, RV7","R_Potentiometer","Device:R_Potentiometer","lib:TRIM_3590S-2-103L","~","","","","","","","","","","","","","","","",""
"44","2","RV9, RV11","100k","Device:R_Potentiometer","Potentiometer_THT:Potentiometer_Bourns_3296Y_Vertical","~","","","","","","","","","","","","","","","",""
"45","2","TP1, TP2","TestPoint_Small","Connector:TestPoint_Small","TestPoint:TestPoint_Pad_2.0x2.0mm","~","","","","","","","","","","","","","","","",""
"46","7","U1, U2, U3, U6, U7, U9, U11","OPA656U","OPA656U:OPA656U","Package_SO:SOIC-8_3.9x4.9mm_P1.27mm","","","In Stock","https://www.snapeda.com/parts/OPA656U/Texas+Instruments/view-part/?ref=eda","                            Wideband, Unity Gain Stable FET-Input Operational Amplifier","","Texas Instruments","OPA656U","","","SOIC-8 Texas Instruments","None","","","","","https://www.snapeda.com/parts/OPA656U/Texas+Instruments/view-part/?ref=snap"
"47","4","U4, U5, U8, U10","AD835ARZ","AD835ARZ:AD835ARZ","Package_SO:SOIC-8_3.9x4.9mm_P1.27mm","","","In Stock","https://www.snapeda.com/parts/AD835ARZ/Analog+Devices/view-part/?ref=eda","                            250 MHz, Voltage Output 4-Quadrant Multiplier","Analog Devices","Analog Devices","AD835ARZ","SOIC-8","E","SOIC-8 Analog Devices","None","IPC-7351B","","","","https://www.snapeda.com/parts/AD835ARZ/Analog+Devices/view-part/?ref=snap"
